"","X.3","X.2","X.1","X","h_hotelid","h_in_page","hotel_name","hotel_loc","h_dist_centro","h_dist_praia","h_num_stars","h_num_comments","h_prices","h_peq_almoco","h_canc_gratuito","h_quartos_restantes","h_score_medio","zona_central","zona_oeste","zona_sul"
"1",1,1,1,1,97414,0,"Rio Othon Palace"," Copacabana",2.07944154167984,0,5,8.35019365072007,4.45434729625351,1,1,0,7.9,0,0,1
"2",2,2,2,2,11977,0,"Pestana Rio Atlantica"," Copacabana",2.07944154167984,0,4,7.76937860951398,4.17438726989564,1,1,0,7,0,0,1
"3",3,3,3,3,97416,0,"Olinda Rio Hotel"," Copacabana",1.94591014905531,0,4,7.59387784460512,3.95124371858143,1,1,0,8.7,0,0,1
"4",4,4,4,4,14984,0,"Royal Rio Palace Hotel"," Copacabana",1.94591014905531,0.9,4,7.94803199063728,3.76120011569356,1,1,0,8.3,0,0,1
"5",5,5,5,5,1514467,0,"Hotel Atlantico Prime"," Centro do Rio de Janeiro",0.470003629245736,2.3,4,9.7434361643879,2.99573227355399,1,1,0,7.7,1,0,0
"6",6,6,6,6,304101,0,"Hotel Atlantico Tower"," Centro do Rio de Janeiro",0.0953101798043249,1.75,4,9.39015879855202,2.70805020110221,1,1,0,7.4,1,0,0
"7",7,7,7,7,189003,0,"Belmond Copacabana Palace"," Copacabana",1.94591014905531,0,5,6.63068338564237,4.93439702826822,1,1,0,9.3,0,0,1
"8",8,8,8,8,23345,0,"Hotel Astoria Palace"," Copacabana",1.94591014905531,0,4,8.25270667656764,3.89182029811063,1,1,1,8.3,0,0,1
"9",9,9,9,9,1629682,0,"Grand Hyatt Rio de Janeiro"," Barra da Tijuca",3.13549421592915,0,5,7.36770857237437,4.95582705760126,0,0,0,8.8,0,1,0
"10",10,10,10,10,822678,0,"Hotel Atlântico Rio"," Copacabana",2.07944154167984,0.7,4,9.11866358340428,3.58351893845611,1,1,0,8.1,0,0,1
"11",11,11,11,11,1668072,0,"Ibis Copacabana Posto 2"," Copacabana",1.94591014905531,0.95,3,7.1800698743028,3.3322045101752,0,0,0,8.2,0,0,1
"12",12,12,12,12,258125,0,"Hotel Atlantico Praia"," Copacabana",1.94591014905531,0,4,8.6438258423496,3.61091791264422,1,1,1,7.5,0,0,1
"13",13,13,13,13,17313,0,"PortoBay Rio de Janeiro"," Copacabana",1.94591014905531,0,4,7.39633529380081,4.43081679884331,0,0,0,8.9,0,0,1
"14",14,14,14,14,1751908,0,"Hotel Nacional Rio de Janeiro"," São Conrado",2.56494935746154,0,5,7.10002716662926,4.06044301054642,1,1,0,8.7,0,0,1
"15",15,15,15,15,1389961,0,"Windsor Marapendi"," Barra da Tijuca",3.04452243772342,0,5,8.03495502450216,4.43081679884331,1,1,0,8.9,0,1,0
"16",16,16,16,16,1445913,0,"Novotel Rio De Janeiro Barra Da Tijuca"," Barra da Tijuca",3.04452243772342,0,4,6.43615036836943,4.12713438504509,0,0,0,8.4,0,1,0
"17",17,17,17,17,19468,0,"Miramar Hotel by Windsor"," Copacabana",2.07944154167984,0,5,7.65586401761606,4.64439089914137,0,0,0,9.2,0,0,1
"18",18,18,18,18,252003,0,"Mirador Rio Copacabana Hotel"," Copacabana",1.94591014905531,0.8,4,7.66387725870347,3.63758615972639,1,1,0,8.6,0,0,1
"19",19,19,19,19,1267507,0,"Hotel Fasano Rio de Janeiro"," Ipanema",2.19722457733622,0,5,5.87493073085203,4.93439702826822,0,0,0,9,0,0,1
"20",20,20,20,20,11825,0,"Fairmont Rio de Janeiro Copacabana"," Copacabana",2.19722457733622,0,5,5.92157841964382,5.30826769740121,0,0,0,9,0,0,1
"21",21,21,21,21,1790770,0,"Casa Nova Hotel"," Centro do Rio de Janeiro",0.470003629245736,2,4,8.30967689598773,3.2188758248682,1,1,0,8.4,1,0,0
"22",22,22,22,22,2254255,0,"Ibis Budget RJ Copacabana"," Copacabana",2.07944154167984,0.45,2,7.92732436030979,3.25809653802148,0,0,0,8.4,0,0,1
"23",23,23,23,23,49770,0,"Sheraton Grand Rio Hotel & Resort"," Leblon",2.39789527279837,0,5,7.20266119652324,4.89034912822175,0,1,0,8.6,0,0,1
"24",24,24,24,24,189034,0,"Sol Ipanema Hotel"," Ipanema",2.19722457733622,0,4,7.20711885620776,4.47733681447821,1,1,0,8.4,0,0,1
"25",25,25,25,25,15744,0,"Real Palace Hotel"," Copacabana",1.94591014905531,0.85,4,7.67508185771633,3.49650756146648,1,1,0,8.1,0,0,1
"26",26,26,26,26,1796621,1,"Ritz Copacabana Boutique Hotel"," Copacabana",2.07944154167984,0.4,4,7.23489842031483,4.0943445622221,1,1,0,8.8,0,0,1
"27",27,27,27,27,1380312,1,"Prodigy Santos Dumont"," Centro do Rio de Janeiro",0.693147180559945,1.6,4,7.94200680848986,4.31748811353631,1,1,1,8.5,1,0,0
"28",28,28,28,28,2004354,1,"Emiliano Rio"," Copacabana",2.19722457733622,0,5,5.41610040220442,4.93439702826822,0,0,0,9.3,0,0,1
"29",29,29,29,29,1176769,1,"Vila Galé Rio de Janeiro"," Centro do Rio de Janeiro",0.470003629245736,2.1,4,7.91534816926308,3.95124371858143,1,1,0,8.8,1,0,0
"30",30,30,30,30,718131,1,"Ibis Rio de Janeiro Santos Dumont"," Centro do Rio de Janeiro",0.262364264467491,2.2,3,7.68937110752969,3.52636052461616,0,0,0,8.1,1,0,0
"31",31,31,31,31,14715,1,"Hotel Vermont Ipanema"," Ipanema",2.19722457733622,0.4,3,7.33693691370762,3.73766961828337,1,1,0,8.4,0,0,1
"32",32,32,32,32,1296122,1,"Américas Barra Hotel"," Barra da Tijuca",3.25809653802148,1.8,4,8.65486599654131,3.66356164612965,1,1,0,7.7,0,1,0
"33",33,33,33,33,19293,1,"Windsor Barra Hotel"," Barra da Tijuca",2.94443897916644,0,5,7.67925142595306,4.54329478227,1,1,0,8.8,0,1,0
"34",34,34,34,34,97415,1,"Windsor California Hotel"," Copacabana",2.07944154167984,0,4,7.79975331828725,4.39444915467244,0,0,0,9.2,0,0,1
"35",35,35,35,35,246421,1,"Hotel Arpoador"," Ipanema",2.19722457733622,0,4,6.71659477352098,4.77068462446567,1,1,1,9.1,0,0,1
"36",36,36,36,36,1709001,1,"Ramada Encore by Wyndham Rio de Janeiro Ribalta"," Barra da Tijuca",3.25809653802148,2.1,3,8.08764028777898,3.55534806148941,1,1,0,8.2,0,1,0
"37",37,37,37,37,1891329,1,"Hotel Atlântico Travel Copacabana"," Copacabana",1.94591014905531,0.6,4,8.72761617832107,3.25809653802148,1,1,1,8,0,0,1
"38",38,38,38,38,1802378,1,"ibis Copacabana Posto 5"," Copacabana",2.07944154167984,0.55,3,7.31920245876785,3.66356164612965,0,0,0,8.4,0,0,1
"39",39,39,39,39,189437,1,"Arena Copacabana Hotel"," Copacabana",1.94591014905531,0,4,6.79794041297493,4.07753744390572,1,1,1,8.7,0,0,1
"40",40,40,40,40,15853,1,"B&B Hotels Rio Copacabana Forte"," Copacabana",2.19722457733622,0.25,3,7.56268124672188,3.2188758248682,0,0,0,8.1,0,0,1
"41",41,41,41,41,1655458,1,"CDesign Hotel"," Recreio dos Bandeirantes",3.46573590279973,0.15,4,8.21635833238616,4.11087386417331,1,1,0,8.5,0,1,0
"42",42,42,42,42,1769990,1,"Arena Ipanema Hotel"," Ipanema",2.19722457733622,0.15,4,7.32448997934853,4.0943445622221,1,1,1,8.8,0,0,1
"43",43,43,43,43,1713387,1,"Best Western Premier Arpoador Fashion Hotel"," Ipanema",2.19722457733622,0.5,4,6.92264389147589,4.07753744390572,1,1,1,8.6,0,0,1
"44",44,44,44,44,17968,1,"Hotel Nacional Inn Copacabana"," Copacabana",1.79175946922805,0.7,3,6.68959926917897,3.49650756146648,1,1,0,8.5,0,0,1
"45",45,45,45,45,252326,1,"Hotel Pouso Real"," Centro do Rio de Janeiro",0.336472236621213,2.2,3,8.42398080969406,2.56494935746154,1,1,0,7.7,1,0,0
"46",46,46,46,46,1385819,1,"Arena Leme Hotel"," Leme",1.79175946922805,0,4,6.78784498230958,3.89182029811063,1,1,0,8.8,0,0,1
"47",47,47,47,47,23335,1,"Hotel Bandeirantes"," Copacabana",1.94591014905531,0.6,3,7.94626364358054,3.17805383034795,1,1,1,8.1,0,0,1
"48",48,48,48,48,1713389,1,"Vogue Square Fashion Hotel by Lenny Niemeyer"," Barra da Tijuca",3.17805383034795,2.7,4,7.27517231945277,3.87120101090789,1,1,0,8.7,0,1,0
"49",49,49,49,49,1714741,1,"Best Western Plus Copacabana Design Hotel"," Copacabana",1.94591014905531,1,3,6.92755790627832,3.58351893845611,1,1,0,8.6,0,0,1
"50",50,50,50,50,18977,2,"JANEIRO Hotel"," Leblon",2.30258509299405,0,5,6.08449941307517,5.36597601502185,0,0,1,9.3,0,0,1
"51",51,51,51,51,257009,2,"Hilton Copacabana Rio de Janeiro"," Copacabana",1.94591014905531,0,5,6.4707995037826,4.66343909411207,0,0,0,8.5,0,0,1
"52",52,52,52,52,19422,2,"Windsor Palace"," Copacabana",1.94591014905531,0.65,4,7.0833878476253,4.15888308335967,1,1,0,8.7,0,0,1
"53",53,53,53,53,278050,2,"Hotel Viña Del Mar"," Centro do Rio de Janeiro",0.470003629245736,1.6,3,7.19518732017871,2.83321334405622,1,1,0,7.4,1,0,0
"54",54,54,54,54,189268,2,"Orla Copacabana Hotel"," Copacabana",2.19722457733622,0,4,7.76684053708551,3.87120101090789,0,0,0,8.2,0,0,1
"55",55,55,55,55,1592190,2,"Yoo2 Rio de Janeiro by Intercity"," Botafogo",1.54756250871601,0,5,7.02019070831193,4.30406509320417,1,1,0,8.5,0,0,1
"56",56,56,56,56,23405,2,"JW Marriott Rio de Janeiro"," Copacabana",2.07944154167984,0,5,5.01727983681492,4.75359019110636,0,1,0,7.9,0,0,1
"57",57,57,57,57,258121,2,"Scorial Rio Hotel"," Catete",1.16315080980568,0.9,4,6.96602418710611,3.66356164612965,1,1,1,8.7,0,0,1
"58",58,58,58,58,19464,2,"Windsor Excelsior Copacabana"," Copacabana",1.94591014905531,0,4,7.50933526601659,4.12713438504509,1,1,0,8.6,0,0,1
"59",59,59,59,59,189230,2,"Américas Granada Hotel"," Centro do Rio de Janeiro",0.182321556793955,2.3,4,8.03947991910045,3.25809653802148,1,1,0,8.6,1,0,0
"60",60,60,60,60,1793374,2,"Ibis Styles RJ Botafogo"," Botafogo",1.6094379124341,0.45,3,7.03085747611612,3.63758615972639,0,0,0,8.2,0,0,1
"61",61,61,61,61,1475661,2,"Tropical Barra Hotel"," Barra da Tijuca",2.83321334405622,0,4,7.59689443814454,3.68887945411394,1,1,1,8.4,0,1,0
"62",62,62,62,62,2010891,2,"Petit Rio Hotel"," Catete",1.09861228866811,0.8,3,7.21964204013074,3.46573590279973,1,1,0,8.8,0,0,1
"63",63,63,63,63,14626,2,"Copa Sul Hotel"," Copacabana",2.19722457733622,0.6,3,6.46458830368996,3.55534806148941,1,1,0,8.3,0,0,1
"64",64,64,64,64,1305629,2,"Hilton Barra Rio de Janeiro"," Barra da Tijuca",3.04452243772342,0,5,6.16751649088834,4.72738781871234,0,0,0,8.8,0,1,0
"65",65,65,65,65,1115061,2,"Hotel Rio Lancaster"," Copacabana",1.94591014905531,0,3,8.07806788181544,3.55534806148941,1,1,1,7.8,0,0,1
"66",66,66,66,66,16762,2,"Atlantis Copacabana Hotel"," Ipanema",2.19722457733622,0.25,3,7.88532923927319,3.71357206670431,1,1,1,8.6,0,0,1
"67",67,67,67,67,19402,2,"Windsor Martinique"," Copacabana",2.07944154167984,0.75,3,7.25063551189868,3.68887945411394,1,1,0,8.8,0,0,1
"68",68,68,68,68,1703827,2,"Radisson Rio de Janeiro Barra"," Barra da Tijuca",2.94443897916644,1.125,4,7.24208235925696,3.76120011569356,1,1,0,8.7,0,1,0
"69",69,69,69,69,1348654,2,"Ibis RJ Nova America Hotel"," Zona Norte",2.19722457733622,0.625,3,6.84268328223842,3.61091791264422,0,0,0,8.5,0,0,0
"70",70,70,70,70,97514,2,"Mar Ipanema Hotel"," Ipanema",2.19722457733622,1.2,4,6.66949808985788,4.07753744390572,1,1,0,8.2,0,0,1
"71",71,71,71,71,13628,2,"Royalty Barra Hotel"," Barra da Tijuca",2.89037175789616,0,4,7.1929342212158,4.24849524204936,1,1,1,7.6,0,1,0
"72",72,72,72,72,97411,2,"Windsor Leme"," Leme",1.79175946922805,0.15,4,7.20266119652324,4.30406509320417,1,1,0,8.9,0,0,1
"73",73,73,73,73,1725261,2,"Ramada by Wyndham Rio de Janeiro Recreio"," Recreio dos Bandeirantes",3.52636052461616,1.5,3,7.69621263934641,3.3322045101752,0,1,0,8.4,0,1,0
"74",74,74,74,74,12163,2,"Hotel Atlântico Avenida"," Centro do Rio de Janeiro",0.0953101798043249,2,3,8.81477608854528,2.56494935746154,1,1,0,6.675,1,0,0
"75",75,75,75,75,249518,3,"Mirasol Copacabana Hotel"," Copacabana",1.94591014905531,0.001,4,7.23849684089437,3.68887945411394,1,1,1,8.6,0,0,1
"76",76,76,76,76,1301690,3,"Monza Hotel"," Barra da Tijuca",3.09104245335832,0.55,3,7.54327334670545,3.66356164612965,0,1,0,8.7,0,1,0
"77",77,77,77,77,23349,3,"Plaza Barra First"," Barra da Tijuca",3.17805383034795,0.95,4,7.16703787691222,3.78418963391826,1,1,0,8.5,0,1,0
"78",78,78,78,78,97520,3,"Novotel Rio de Janeiro Leme"," Leme",1.79175946922805,0,4,5.96357934361845,4.18965474202643,1,1,0,8.5,0,0,1
"79",79,79,79,79,1405159,3,"Américas Copacabana Hotel"," Copacabana",1.94591014905531,0.55,4,7.50933526601659,3.52636052461616,0,0,1,8.5,0,0,1
"80",80,80,80,80,241249,3,"Copacabana Mar Hotel"," Copacabana",1.94591014905531,0.95,4,7.56371966841437,3.3322045101752,1,1,0,8.4,0,0,1
"81",81,81,81,81,1701585,3,"Downtown Santana Hotel"," Centro do Rio de Janeiro",0.587786664902119,2,3,7.46106551435428,2.70805020110221,1,1,0,8,1,0,0
"82",82,82,82,82,1683069,3,"Days Inn by Wyndham Rio de Janeiro Lapa"," Centro do Rio de Janeiro",0.470003629245736,2.3,4,7.45645455517621,3.13549421592915,1,1,0,8.6,1,0,0
"83",83,83,83,83,14752,3,"South American Copacabana Hotel"," Copacabana",2.19722457733622,0.6,4,7.13169851046691,3.55534806148941,1,1,1,8.4,0,0,1
"84",84,84,84,84,1703831,3,"Ibis Rio De Janeiro Botafogo"," Botafogo",1.6094379124341,0.95,3,6.92362862813843,3.52636052461616,0,0,0,8.3,0,0,1
"85",85,85,85,85,742894,3,"Ibis Rio de Janeiro Centro"," Centro do Rio de Janeiro",-0.287682072451781,2.6,3,6.20657592672493,3.40119738166216,0,0,0,7.9,1,0,0
"86",86,86,86,86,281033,3,"Diamond Hotel"," Glória",0.641853886172395,1.4,3,7.67925142595306,3.17805383034795,1,1,1,8.1,1,0,0
"87",87,87,87,87,2311215,3,"Ibis Budget Rio de Janeiro Nova America"," Zona Norte",2.19722457733622,0.625,2,7.66809370908241,3.40119738166216,0,0,0,8.2,0,0,0
"88",88,88,88,88,18657,3,"Jucati Season Apartments"," Copacabana",1.94591014905531,1.1,3,6.47543271670409,3.2188758248682,0,0,0,8.4,0,0,1
"89",89,89,89,89,1096720,3,"Novotel Rio de Janeiro Parque Olimpico"," Barra da Tijuca",3.04452243772342,0.95,4,6.33505425149806,3.8286413964891,0,0,0,8.3,0,1,0
"90",90,90,90,90,172111,3,"Premier Copacabana Hotel"," Copacabana",1.94591014905531,0.85,4,7.35115822643069,3.63758615972639,1,1,0,7.7,0,0,1
"91",91,91,91,91,248692,3,"Novotel Rio de Janeiro Santos Dumont"," Centro do Rio de Janeiro",0.182321556793955,2.2,4,6.04500531403601,3.89182029811063,0,0,0,8.2,1,0,0
"92",92,92,92,92,677448,3,"Linx Galeão"," Ilha do Governador",2.484906649788,0.925,3,7.82484569102686,3.73766961828337,0,0,1,8.1,0,0,0
"93",93,93,93,93,1505796,3,"Royalty Rio Hotel"," Copacabana",1.94591014905531,0.5,4,6.46146817635372,3.71357206670431,1,1,1,7.7,0,0,1
"94",94,94,94,94,173056,3,"Majestic Rio Palace Hotel"," Copacabana",1.94591014905531,0.65,3,6.39359075395063,3.3322045101752,1,1,0,7.9,0,0,1
"95",95,95,95,95,1834337,3,"Laghetto Stilo Barra Rio"," Barra da Tijuca",3.04452243772342,0.7,4,7.43602781635185,4.20469261939097,1,1,1,8.6,0,1,0
"96",96,96,96,96,392238,3,"Fluminense Hotel"," Centro do Rio de Janeiro",0.336472236621213,2.2,3,7.14361760270412,3.17805383034795,1,1,0,8.5,1,0,0
"97",97,97,97,97,23346,3,"Own Ipanema Visconti"," Ipanema",2.19722457733622,0.65,4,6.89365635460264,4.0943445622221,1,1,0,8.2,0,0,1
"98",98,98,98,98,1337064,3,"KS Beach Hotel"," Recreio dos Bandeirantes",3.49650756146648,0,3,6.65286302935335,3.73766961828337,1,1,1,8.5,0,1,0
"99",99,99,99,99,1013494,4,"Hotel Carioca"," Centro do Rio de Janeiro",0.182321556793955,2.4,2,7.47363710849621,2.89037175789616,1,1,0,8.1,1,0,0
"100",100,100,100,100,11842,4,"Oceano Copacabana Hotel"," Copacabana",1.94591014905531,0.75,3,7.12286665859908,3.66356164612965,1,1,0,6.675,0,0,1
"101",101,101,101,101,249045,4,"Entremares Hotel"," Barra da Tijuca",2.83321334405622,1.8,3,6.90875477931522,3.40119738166216,1,1,1,8.2,0,1,0
"102",102,102,102,102,238812,4,"Américas Gaivota Hotel"," Barra da Tijuca",2.89037175789616,1.9,3,7.70885960104718,3.36729582998647,1,1,1,7.4,0,1,0
"103",103,103,103,103,1664639,4,"Hotel Plaza Spania"," Botafogo",1.6094379124341,0.35,3,6.71538338633468,3.66356164612965,1,1,1,8.5,0,0,1
"104",104,104,104,104,189280,4,"Praia Ipanema Hotel"," Ipanema",2.30258509299405,0,4,7.11558212618445,4.54329478227,1,1,1,8.1,0,0,1
"105",105,105,105,105,402755,4,"Windsor Copa Hotel"," Copacabana",1.94591014905531,1.1,3,6.57368016696065,3.68887945411394,1,1,0,8.5,0,0,1
"106",106,106,106,106,284148,4,"Elegance Praia Hotel"," Flamengo",1.09861228866811,0.4,3,6.83840520084734,3.8286413964891,1,1,0,8.6,0,0,1
"107",107,107,107,107,432196,4,"Ritz Leblon"," Leblon",2.30258509299405,0.45,4,6.53524127101366,4.45434729625351,1,1,0,8.1,0,0,1
"108",108,108,108,108,285730,4,"Gallant Hotel"," Zona Norte",1.25276296849537,0.625,3,7.10332206252611,3.25809653802148,0,0,0,7.9,0,0,0
"109",109,109,109,109,317506,4,"OYO Rio Colinas Hotel"," Copacabana",2.19722457733622,0.7,3,6.73221070646721,3.29583686600433,1,1,0,6.675,0,0,1
"110",110,110,110,110,300608,4,"Hotel Copamar"," Copacabana",1.94591014905531,0.6,3,6.35957386867238,3.3322045101752,1,1,1,8.2,0,0,1
"111",111,111,111,111,1233654,4,"Ibis Rio de Janeiro Parque Olimpico"," Barra da Tijuca",3.04452243772342,1.25,3,7.30653139893951,3.66356164612965,0,0,0,8.2,0,1,0
"112",112,112,112,112,439969,4,"Quality Rio de Janeiro - Barra da Tijuca"," Barra da Tijuca",3.13549421592915,1.125,4,7.54908271081229,3.80666248977032,1,1,0,8.5,0,1,0
"113",113,113,113,113,6415077,4,"Tulip Inn Rio de Janeiro Ipanema"," Ipanema",2.19722457733622,0.45,3,4.80402104473326,3.95124371858143,1,1,0,8.1,0,0,1
"114",114,114,114,114,236372,4,"Hotel Americano"," Centro do Rio de Janeiro",0.470003629245736,1.6,1,6.30809844150953,2.484906649788,0,0,1,7.1,1,0,0
"115",115,115,115,115,1785648,4,"Novotel Rj Porto Atlantico"," Porto Maravilha",0.955511445027436,1.9,4,5.57215403217776,3.78418963391826,0,0,0,8.2,1,0,0
"116",116,116,116,116,11848,4,"Apa Hotel Copacabana"," Copacabana",1.94591014905531,1.1,3,6.20050917404269,3.43398720448515,1,1,0,8.2,0,0,1
"117",117,117,117,117,1332663,4,"Samba Rio Convention"," Jacarepaguá",3.13549421592915,0.9,4,6.51471269087253,3.55534806148941,1,1,0,8.5,0,1,0
"118",118,118,118,118,23347,4,"Promenade Palladium"," Leblon",2.30258509299405,0.3,4,6.31535800152233,4.64439089914137,1,1,1,8.7,0,0,1
"119",119,119,119,119,2082086,4,"Injoy Lofts Ipanema"," Ipanema",2.19722457733622,0.9,3,6.25190388316589,3.78418963391826,0,0,1,8.5,0,0,1
"120",120,120,120,120,1038439,4,"Hotel Plaza Riazor"," Catete",1.02961941718116,0.65,1,7.10332206252611,2.63905732961526,1,1,1,7.3,0,0,1
"121",121,121,121,121,19405,4,"Windsor Flórida"," Flamengo",1.06471073699243,0.6,4,7.45240245122364,3.78418963391826,1,1,0,8.5,0,0,1
"122",122,122,122,122,2312705,4,"Lapa Ville Hotel"," Centro do Rio de Janeiro",0.470003629245736,1.6,3,7.04228617193974,2.94443897916644,0,0,1,8.5,1,0,0
"123",123,123,123,123,1086311,5,"Residencial Budget"," Copacabana",1.94591014905531,0.85,3,6.71659477352098,3.3322045101752,1,1,1,8.6,0,0,1
"124",124,124,124,124,315321,5,"Hotel Venezuela"," Flamengo",1.28093384546206,0,2,6.25382881157547,3.04452243772342,1,1,1,7.7,0,0,1
"125",125,125,125,125,408824,5,"Brisa Barra Hotel"," Barra da Tijuca",3.04452243772342,0,4,6.96885037834195,4.12713438504509,1,1,0,8.5,0,1,0
"126",126,126,126,126,47473,5,"Mercure RJ Botafogo Mourisco"," Botafogo",1.6094379124341,0.7,4,5.68697535633982,3.98898404656427,0,0,0,8.2,0,0,1
"127",127,127,127,127,14955,5,"Santa Teresa Hotel RJ - MGallery"," Santa Teresa",0.916290731874155,1.9,5,5.45958551414416,4.93439702826822,1,1,1,9,1,0,0
"128",128,128,128,128,495410,5,"Hotel Galícia"," Centro do Rio de Janeiro",0.336472236621213,2.6,2,7.00215595440362,2.70805020110221,1,1,0,6.6,1,0,0
"129",129,129,129,129,1041867,5,"Promenade Link Stay"," Barra da Tijuca",3.04452243772342,1.125,4,7.20414929203594,3.55534806148941,1,1,0,8.2,0,1,0
"130",130,130,130,130,618239,5,"Sant' Martre"," Santa Teresa",0.916290731874155,1.8,3,5.70044357339069,3.68887945411394,0,0,1,8.4,1,0,0
"131",131,131,131,131,331193,5,"Hotel Vilamar Copacabana"," Copacabana",2.07944154167984,0.4,4,6.69332366826995,3.63758615972639,1,1,0,8.7,0,0,1
"132",132,132,132,132,3965506,5,"L'Homme de Rio Boutique Hotel"," Copacabana",2.19722457733622,0.65,3,5.59471137960184,4.36944785246702,1,1,1,8.8,0,0,1
"133",133,133,133,133,189027,5,"Hotel Golden Park Aeroporto Rio de Janeiro"," Glória",0.8754687373539,0.8,3,6.86901445066571,3.25809653802148,1,1,0,8.1,1,0,0
"134",134,134,134,134,15762,5,"Mengo Palace Hotel"," Flamengo",1.09861228866811,0,3,7.37650812632622,3.43398720448515,1,1,1,8.4,0,0,1
"135",135,135,135,135,1977777,5,"ibis Rio Porto Atlantico"," Porto Maravilha",0.955511445027436,1.85,3,5.63121178182137,3.43398720448515,0,0,0,8.9,1,0,0
"136",136,136,136,136,1709033,5,"Venit Barra Hotel"," Barra da Tijuca",3.13549421592915,0.7,4,6.30809844150953,3.97029191355212,1,1,0,8.8,0,1,0
"137",137,137,137,137,1454231,5,"Hotel Vitória"," Catete",1.06471073699243,0.65,3,7.11801620446533,2.70805020110221,1,1,1,8,0,0,1
"138",138,138,138,138,189064,5,"Hotel Rondônia Palace"," Flamengo",1.1314021114911,0.55,3,6.51471269087253,3.29583686600433,1,1,0,8.1,0,0,1
"139",139,139,139,139,1816965,5,"Residencial Sausalito"," Copacabana",1.94591014905531,0.85,4,6.68336094576627,3.13549421592915,1,1,0,8.4,0,0,1
"140",140,140,140,140,12169,5,"The Villa"," Santa Teresa",1.41098697371026,1.9,4,6.3297209055227,4.36944785246702,1,1,1,8.1,1,0,0
"141",141,141,141,141,274872,5,"Argentina Hotel"," Flamengo",1.38629436111989,1,3,6.95749737087695,3.04452243772342,1,1,1,8,0,0,1
"142",142,142,142,142,1883840,5,"Selina Lapa Rio de Janeiro"," Centro do Rio de Janeiro",0.336472236621213,1.8,3,8.01301211036892,4.35670882668959,0,0,0,8.7,1,0,0
"143",143,143,143,143,351795,5,"Itajubá Hotel"," Centro do Rio de Janeiro",0.182321556793955,2,2,6.90073066404517,3.2188758248682,1,1,1,7.8,1,0,0
"144",144,144,144,144,816746,5,"Hotel Rio Claro"," Flamengo",1.09861228866811,0.65,3,6.77878489768518,2.70805020110221,1,1,1,8,0,0,1
"145",145,145,145,145,189951,5,"Mar Palace Copacabana Hotel"," Copacabana",1.94591014905531,0.75,4,6.93925394604151,3.58351893845611,1,1,0,8.5,0,0,1
"146",146,146,146,146,636883,5,"Ibiza Barra Hotel"," Barra da Tijuca",2.83321334405622,1.3,3,6.46302945692067,3.29583686600433,1,1,0,6.8,0,1,0
"147",147,147,147,147,287192,6,"Ace Suites Inn Rio"," Botafogo",1.6094379124341,0,3,6.73933662735717,3.40119738166216,1,1,1,8,0,0,1
"148",148,148,148,148,189005,6,"Américas Benidorm Hotel"," Copacabana",1.94591014905531,0.55,4,6.59030104819669,3.40119738166216,0,0,1,8.5,0,0,1
"149",149,149,149,149,13850,6,"Royalty Copacabana Hotel"," Copacabana",1.94591014905531,1,4,6.91174730025167,3.71357206670431,1,1,0,6.675,0,0,1
"150",150,150,150,150,300639,6,"CabanaCopa Hostel"," Copacabana",1.79175946922805,1.1,3,5.82008293035236,3.04452243772342,0,0,1,7.6,0,0,1
"151",151,151,151,151,19389,6,"Windsor Guanabara"," Centro do Rio de Janeiro",0.0953101798043249,2,4,6.94215670569947,3.93182563272433,1,1,0,8.4,1,0,0
"152",152,152,152,152,2490729,6,"Hygge House Barra da Tijuca"," Barra da Tijuca",2.83321334405622,2,4,6.54821910276237,3.2188758248682,1,1,1,8.7,0,1,0
"153",153,153,153,153,321707,6,"Ipanema Beach House"," Ipanema",2.19722457733622,1,3,7.1608459066643,3.49650756146648,0,0,1,8.2,0,0,1
"154",154,154,154,154,263285,6,"Boutique Hotel Gávea Tropical"," Gávea",2.39789527279837,1.3,3,4.0943445622221,3.61091791264422,1,1,1,7.6,0,0,1
"155",155,155,155,155,392209,6,"Hotel Primor (Adult Only)"," Centro do Rio de Janeiro",-0.0512932943875506,2.8,3,6.45362499889269,2.89037175789616,1,1,0,7.9,1,0,0
"156",156,156,156,156,1909675,6,"Ipanema Beach Hostel"," Ipanema",2.30258509299405,1.1,3,6.74875954749168,3.71357206670431,0,0,1,8.2,0,0,1
"157",157,157,157,157,1803094,6,"Room Office & Beach Guest House - Go Make A Trip"," Barra da Tijuca",3.04452243772342,0,3,6.30078579466324,3.04452243772342,0,0,1,8.6,0,1,0
"158",158,158,158,158,1093048,6,"Rio Aeroporto Hotel"," Ilha do Governador",2.484906649788,1.75,4,7.73149202924568,4.12713438504509,1,1,0,7.6,0,0,0
"159",159,159,159,159,815176,6,"La Suite by Dussol"," Joatinga",2.77258872223978,0.45,4,5.30330490805908,4.93439702826822,1,1,1,9.3,0,1,0
"160",160,160,160,160,330618,6,"Imperial Hotel"," Catete",1.06471073699243,0.6,3,6.94697599213542,3.3322045101752,0,1,1,8.3,0,0,1
"161",161,161,161,161,1884744,6,"OYO Toy Barra Hotel"," Barra da Tijuca",2.83321334405622,0.95,3,6.11368217983223,3.2188758248682,1,1,0,6.8,0,1,0
"162",162,162,162,162,19353,6,"Windsor Astúrias"," Centro do Rio de Janeiro",0.182321556793955,1.9,3,6.60665018619822,3.52636052461616,1,1,0,8.6,1,0,0
"163",163,163,163,163,850450,6,"Hotel Encontros (Adult Only)"," Centro do Rio de Janeiro",0.0953101798043249,2.5,3,6.03787091992214,2.77258872223978,0,0,0,8,1,0,0
"164",164,164,164,164,3595258,6,"Apartamento em Copacabana ( posto 5 )"," Copacabana",2.07944154167984,0,3,3.29583686600433,4.62497281328427,0,0,0,9.1,0,0,1
"165",165,165,165,165,1043631,6,"Injoy H & Suítes"," Botafogo",1.6094379124341,0.8,3,6.88755257166462,3.13549421592915,0,0,1,8.9,0,0,1
"166",166,166,166,166,5867066,6,"Hotel Be Loft Lounge"," Barra da Tijuca",2.83321334405622,1.2,4,4.68213122712422,3.40119738166216,0,0,1,8.9,0,1,0
"167",167,167,167,167,683865,6,"Hotel Único"," Flamengo",1.1314021114911,0.55,1,6.40687998606931,3.09104245335832,1,1,1,7.8,0,0,1
"168",168,168,168,168,1631024,6,"El Misti Hostel Ipanema"," Ipanema",2.19722457733622,0,3,7.45124168498768,3.13549421592915,0,0,1,8.5,0,0,1
"169",169,169,169,169,1887100,6,"Le Chateaux Joá Boutique Hotel"," Joatinga",2.77258872223978,0.2,5,4.82028156560504,5.11198778835654,1,1,1,9.1,0,1,0
"170",170,170,170,170,322563,7,"Pura Vida Hostel"," Copacabana",2.07944154167984,0.8,3,6.27852142416584,3.25809653802148,0,0,1,7.3,0,0,1
"171",171,171,171,171,471730,7,"Boulevard Bed & Breakfast"," Copacabana",1.94591014905531,0.8,3,6.7696419768525,3.17805383034795,0,0,1,7.3,0,0,1
"172",172,172,172,172,2491648,7,"Hostel Apoteose"," Rio de JaneiroMostrar no mapa",0.832909122935104,2.9,3,6.18414889093748,2.56494935746154,0,0,1,7.8,1,0,0
"173",173,173,173,173,5330677,7,"Bossa Nova Apartamento luxo Copacabana"," Copacabana",1.94591014905531,0.6,3,2.39789527279837,4.40671924726425,0,0,1,9.6,0,0,1
"174",174,174,174,174,1962448,7,"Villa 25"," Laranjeiras",1.22377543162212,1,3,7.21081845347222,3.2188758248682,1,1,1,8.9,0,0,1
"175",175,175,175,175,2397972,7,"Hotel Ferreira Viana"," Flamengo",1.06471073699243,0.5,3,5.8664680569333,2.77258872223978,1,1,1,8.5,0,0,1
"176",176,176,176,176,1703829,7,"Residence Inn by Marriott Rio de Janeiro Barra da Tijuca"," Barra da Tijuca",3.17805383034795,1.125,4,4.39444915467244,4.18965474202643,1,1,0,8.8,0,1,0
"177",177,177,177,177,2673883,7,"Barra First Class"," Barra da Tijuca",3.17805383034795,1.075,3,5.13579843705026,3.85014760171006,0,0,1,7.1,0,1,0
"178",178,178,178,178,1900211,7,"Hotel Barao Da Taquara"," Rio de JaneiroMostrar no mapa",2.89037175789616,2.25,3,4.83628190695148,3.40119738166216,1,1,1,7.2,1,0,0
"179",179,179,179,179,281022,7,"Books Hostel"," Centro do Rio de Janeiro",0.470003629245736,1.9,3,5.98141421125448,3.63758615972639,1,1,1,8.6,1,0,0
"180",180,180,180,180,877548,7,"Villa Franca"," Santa Teresa",0.8754687373539,2,3,5.38449506278909,3.63758615972639,0,0,1,9.3,1,0,0
"181",181,181,181,181,1873186,7,"Beach House Barra da Tijuca"," Barra da Tijuca",2.83321334405622,1.4,3,6.13122648948314,3.2188758248682,0,0,1,7.3,0,1,0
"182",182,182,182,182,2657978,7,"Hotel Vanity"," Copacabana",2.07944154167984,0.6,3,4.24849524204936,3.66356164612965,1,1,0,6.675,0,0,1
"183",183,183,183,183,349492,7,"Arosa Rio Hotel"," Centro do Rio de Janeiro",0.587786664902119,2.7,4,6.34035930372775,3.66356164612965,1,1,1,8.4,1,0,0
"184",184,184,184,184,1315357,7,"Mango Tree Ipanema"," Ipanema",2.19722457733622,0.3,3,6.4150969591716,3.17805383034795,0,0,1,8.2,0,0,1
"185",185,185,185,185,1881668,7,"Aurora Hostel Rio"," Botafogo",1.79175946922805,1.7,3,6.04263283368238,2.83321334405622,0,0,1,7.7,0,0,1
"186",186,186,186,186,484112,7,"Hotel Plage"," Ilha do Governador",2.484906649788,0,3,5.85220247977447,3.29583686600433,1,1,1,6.7,0,0,0
"187",187,187,187,187,392177,7,"Hotel Sheik (Adults Only)"," Centro do Rio de Janeiro",-0.0512932943875506,2.7,3,5.39362754635236,2.77258872223978,1,1,1,8.3,1,0,0
"188",188,188,188,188,2984583,7,"Quarto Privativo em Condominio"," Ilha do Governador",2.39789527279837,1.5,3,6.22653666928747,2.99573227355399,0,0,1,9.4,0,0,0
"189",189,189,189,189,1709032,7,"Venit Mio Hotel"," Barra da Tijuca",3.13549421592915,1.125,4,5.11198778835654,4.18965474202643,1,1,0,8.7,0,1,0
"190",190,190,190,190,314145,7,"OYO Hotel Vital"," Centro do Rio de Janeiro",-0.22314355131421,2.05,2,6.35262939631957,3.04452243772342,1,1,0,7.2,1,0,0
"191",191,191,191,191,416919,7,"Hotel La Costa"," Centro do Rio de Janeiro",0.470003629245736,1.9,3,4.11087386417331,3.13549421592915,1,1,1,6.7,1,0,0
"192",192,192,192,192,249613,7,"Che Lagarto Hostel Ipanema"," Ipanema",2.19722457733622,1.1,3,7.47477218239787,3.17805383034795,0,0,1,8.3,0,0,1
"193",193,193,193,193,1845101,7,"Mojito Hostel & Suites Ipanema Rio de Janeiro"," Ipanema",2.19722457733622,0.7,3,6.62140565176413,2.99573227355399,1,1,1,8.5,0,0,1
"194",194,194,194,194,2590972,7,"Rio Spot Duvivier D038"," Copacabana",1.94591014905531,0,4,2.56494935746154,4.69134788222914,0,0,0,8.4,0,0,1
"195",195,195,195,195,467162,8,"Rio Deal Guest House"," Copacabana",1.94591014905531,0.65,3,5.61677109766657,3.09104245335832,0,0,1,8.1,0,0,1
"196",196,196,196,196,4410736,8,"GUARATIBALI RESIDENCE"," Rio de JaneiroMostrar no mapa",3.73766961828337,0,3,3.61091791264422,3.40119738166216,0,0,1,7.9,1,0,0
"197",197,197,197,197,1703828,8,"Courtyard by Marriott Rio de Janeiro Barra da Tijuca"," Barra da Tijuca",3.17805383034795,0.325,4,5.78382518232974,4.04305126783455,0,0,1,8.4,0,1,0
"198",198,198,198,198,419766,8,"KS Residence"," Barra da Tijuca",2.83321334405622,1.9,4,5.22035582507832,4.46590811865458,1,1,1,9.1,0,1,0
"199",199,199,199,199,4088169,8,"Flat Casa del Mar"," Barra da Tijuca",3.04452243772342,0,3,3.68887945411394,4.24849524204936,0,0,1,7.4,0,1,0
"200",200,200,200,200,6839073,8,"Apartamento próximo a Praia do Forte"," Rio de JaneiroMostrar no mapa",3.5039708022539,0.4,3,0,3.89182029811063,0,0,0,8.6,1,0,0
"201",201,201,201,201,1474245,8,"Hospedaria Rio"," Botafogo",1.6094379124341,0.45,3,6.63725803128446,2.77258872223978,0,0,1,8.6,0,0,1
"202",202,202,202,202,5846416,8,"Farfalla São Manuel"," Botafogo",1.6094379124341,0.9,3,4.44265125649032,2.94443897916644,0,0,1,8.4,0,0,1
"203",203,203,203,203,6893942,8,"Condomínio Vila do Sossego"," Rio de JaneiroMostrar no mapa",3.5039708022539,2.7,3,0,3.43398720448515,0,0,1,8,1,0,0
"204",204,204,204,204,6585751,8,"South Beach Copacabana Residence"," Copacabana",2.07944154167984,0.2,4,0,4.23410650459726,0,0,1,8.4,0,0,1
"205",205,205,205,205,4407370,8,"Copacabana Private rooms aluguel"," Copacabana",2.19722457733622,0.5,3,4.59511985013459,2.77258872223978,0,0,1,6.8,0,0,1
"206",206,206,206,206,738662,8,"Ace Praia de Botafogo Suites"," Botafogo",1.6094379124341,0.5,3,5.7268477475872,3.04452243772342,0,0,1,7.8,0,0,1
"207",207,207,207,207,1612876,8,"Rio Spot Atlantica 2440"," Copacabana",1.94591014905531,0,3,3.55534806148941,5.36129216570943,0,0,1,7.7,0,0,1
"208",208,208,208,208,1900269,8,"Discovery Suites Rio"," Santa Teresa",0.8754687373539,1.6,4,5.06259503302697,3.8286413964891,1,1,1,9.1,1,0,0
"209",209,209,209,209,6477959,8,"Quartos da Preta"," Recreio dos Bandeirantes",3.49650756146648,0.6,3,2.19722457733622,2.89037175789616,0,0,1,9,0,1,0
"210",210,210,210,210,1459164,8,"VOA Casa Tuxi"," Botafogo",1.56861591791385,0.45,3,5.85793315448346,3.29583686600433,1,1,1,7.4,0,0,1
"211",211,211,211,211,189039,8,"Biarritz Hotel"," Copacabana",2.07944154167984,0.4,2,5.53338948872752,3.95124371858143,1,1,1,6.675,0,0,1
"212",212,212,212,212,2306487,8,"Pousada Barra Riocentro"," Jacarepaguá",3.2188758248682,0.7,3,3.63758615972639,3.09104245335832,1,1,1,6.675,0,1,0
"213",213,213,213,213,330697,8,"Parque Hotel"," Centro do Rio de Janeiro",0.587786664902119,2.9,2,5.77455154554441,2.77258872223978,1,1,1,7.6,1,0,0
"214",214,214,214,214,695655,8,"Rio Way Hostel"," Recreio dos Bandeirantes",3.49650756146648,0,3,5.55295958492162,3.49650756146648,0,0,1,7.8,0,1,0
"215",215,215,215,215,350029,8,"Hotel Fênix (Adult Only)"," Centro do Rio de Janeiro",0.336472236621213,2.7,3,4.23410650459726,3.43398720448515,1,1,1,8,1,0,0
"216",216,216,216,216,857680,8,"Baixo Copa Guest House"," Copacabana",2.07944154167984,0.3,3,5.58724865840025,3.29583686600433,0,0,1,7.7,0,0,1
"217",217,217,217,217,5727448,8,"Hostel Maresias do Leme"," Leme",1.79175946922805,0.45,3,4.63472898822964,3.09104245335832,1,1,1,9.4,0,0,1
"218",218,218,218,218,5442726,8,"OYO Hotel Rio Laranjeiras"," Laranjeiras",1.30833281965018,1.4,3,5.74620319054015,3.04452243772342,0,0,1,8.4,0,0,1
"219",219,219,219,219,595377,8,"Copacabana Hostel"," Copacabana",1.94591014905531,0.55,3,6.14418563412565,2.77258872223978,0,0,1,7.3,0,0,1
"220",220,220,220,220,4591977,9,"Copacabana perto de tudo"," Copacabana",1.79175946922805,0.7,4,1.09861228866811,3.87120101090789,0,0,1,8.3,0,0,1
"221",221,221,221,221,6594317,9,"Carvalho de Paquetá"," Rio de JaneiroMostrar no mapa",2.77258872223978,1.65,3,2.39789527279837,3.29583686600433,0,0,1,9.4,1,0,0
"222",222,222,222,222,1902888,9,"Hotel Magnus (Adult Only)"," Zona Norte",1.25276296849537,1.9,3,4.74493212836325,3.17805383034795,1,1,0,7.8,0,0,0
"223",223,223,223,223,1840751,9,"Riosoleil Copacabana"," Copacabana",2.19722457733622,0.65,3,4.23410650459726,3.2188758248682,0,0,1,9.1,0,0,1
"224",224,224,224,224,411002,9,"Shelton Hotel (Adult Only)"," Zona Norte",2.89037175789616,1.5,3,5.25749537202778,3.09104245335832,1,1,0,7.8,0,0,0
"225",225,225,225,225,1840106,9,"Hostel Sol e Mar"," Vidigal",2.39789527279837,0,3,3.58351893845611,2.99573227355399,0,0,1,8.7,0,0,1
"226",226,226,226,226,682105,9,"Vidigal Varandas Hostel"," Vidigal",2.484906649788,0.95,3,5.02388052084628,3.13549421592915,0,0,1,8.4,0,0,1
"227",227,227,227,227,636582,9,"Hotel Gomes Freire (Adult Only)"," Centro do Rio de Janeiro",0.0953101798043249,2.6,3,4.94875989037817,2.77258872223978,0,0,1,7.4,1,0,0
"228",228,228,228,228,707386,9,"Pousada e Hostel Barra da Tijuca"," Barra da Tijuca",2.89037175789616,2.8,4,5.04342511691925,3.76120011569356,1,1,1,7.9,0,1,0
"229",229,229,229,229,2082937,9,"Apartamento em Copacabana"," Copacabana",1.79175946922805,0.65,3,4.24849524204936,2.99573227355399,0,0,0,8.6,0,0,1
"230",230,230,230,230,6805187,9,"PrimeBarra"," Jacarepaguá",3.13549421592915,0.85,3,0,3.29583686600433,1,1,1,8.6,0,1,0
"231",231,231,231,231,329043,9,"Hotel Caracas Rio Aeroporto Galeão"," Ilha do Governador",2.484906649788,0.675,4,5.03695260241363,3.29583686600433,0,0,0,6.9,0,0,0
"232",232,232,232,232,2928164,9,"Hotel Cabo Finisterra"," Centro do Rio de Janeiro",0.587786664902119,2.2,3,5.26269018890489,2.30258509299405,0,0,1,6.675,1,0,0
"233",233,233,233,233,1879650,9,"Hotel Hostal (Adults Only)"," Centro do Rio de Janeiro",0,2.7,3,5.17614973257383,2.70805020110221,1,1,1,7.4,1,0,0
"234",234,234,234,234,374358,9,"Love Time Hotel (Adult Only)"," Glória",0.8754687373539,0.9,3,4.969813299576,3.55534806148941,1,1,1,8.3,1,0,0
"235",235,235,235,235,289658,9,"Motel Caricia (Adult Only)"," Madureira",2.83321334405622,0.8,3,4.30406509320417,3.3322045101752,0,0,0,7.3,0,0,0
"236",236,236,236,236,6873140,9,"Casa em frente à praia"," Rio de JaneiroMostrar no mapa",3.68887945411394,1,3,0,5.05624580534831,0,0,0,8.65,1,0,0
"237",237,237,237,237,5566634,9,"Pousada Sobrado Botafogo"," Botafogo",1.6094379124341,0.9,3,4.52178857704904,2.19722457733622,0,0,1,8.6,0,0,1
"238",238,238,238,238,4513401,9,"Pousada Mansão Rio centro"," Jacarepaguá",3.2188758248682,0.95,4,3.2188758248682,3.09104245335832,1,1,0,6.9,0,1,0
"239",239,239,239,239,2710541,9,"Pousada Serra e Mar RioCentro"," Rio de JaneiroMostrar no mapa",3.2188758248682,1.95,3,4.29045944114839,2.83321334405622,1,1,1,6.6,1,0,0
"240",240,240,240,240,358185,9,"Gamboa Rio Hotel"," Centro do Rio de Janeiro",0.0953101798043249,2.1,2,5.47227067367148,3.49650756146648,1,1,0,7.1,1,0,0
"241",241,241,241,241,865559,9,"Mambembe Hostel"," Centro do Rio de Janeiro",0.53062825106217,1.7,3,5.37527840768417,2.56494935746154,0,0,1,8.7,1,0,0
"242",242,242,242,242,743885,9,"Santa Tere Hostel"," Santa Teresa",0.916290731874155,1.4,3,5.63121178182137,2.83321334405622,0,0,1,8.6,1,0,0
"243",243,243,243,243,1168226,9,"Apartamento Copacabana - Rio de Janeiro"," Copacabana",1.79175946922805,0.75,4,2.30258509299405,4.00733318523247,0,0,0,8.5,0,0,1
"244",244,244,244,244,1123339,10,"Copacabana Djalma Ulrich Posto 5"," Copacabana",2.07944154167984,0.7,3,2.19722457733622,4.92725368515721,0,0,0,7,0,0,1
"245",245,245,245,245,687017,10,"Hotel Meu Cantinho (Adults Only)"," Centro do Rio de Janeiro",-0.105360515657826,2.8,3,5.39362754635236,2.77258872223978,1,1,1,8.2,1,0,0
"246",246,246,246,246,1492725,10,"Lindo Studio Ipanema"," Ipanema",2.19722457733622,0,3,4.18965474202643,4.06044301054642,0,0,0,8.7,0,0,1
"247",247,247,247,247,300923,10,"Midway Motel (Adult Only)"," Centro do Rio de Janeiro",0.0953101798043249,2.6,3,6.38856140554563,2.83321334405622,1,1,1,8,1,0,0
"248",248,248,248,248,548188,10,"Hospedagem Ledo"," Centro do Rio de Janeiro",-0.22314355131421,2.8,3,4.70048036579242,2.56494935746154,0,0,1,6.675,1,0,0
"249",249,249,249,249,5165485,10,"Lar do Aconchego Quarto privado"," Zona Norte",2.63905732961526,1.1,3,4.40671924726425,2.56494935746154,1,1,1,8.6,0,0,0
"250",250,250,250,250,6874408,10,"Casa em Arraial do Cabo"," Rio de JaneiroMostrar no mapa",3.5039708022539,0.7,3,0,4.83628190695148,0,0,0,8.7,1,0,0
"251",251,251,251,251,1902456,10,"Hotel Itaoka (Adults Only)"," Zona Norte",2.19722457733622,0.9,3,3.63758615972639,3.3322045101752,1,1,0,7,0,0,0
"252",252,252,252,252,1879651,10,"Hospedagem Municipal"," Centro do Rio de Janeiro",-0.22314355131421,2.8,3,4.89783979995091,2.56494935746154,0,0,1,6.675,1,0,0
"253",253,253,253,253,3041359,10,"COPACABANA, MIRANTE DO AZUL MAR"," Copacabana",1.79175946922805,0,3,3.58351893845611,3.8286413964891,0,0,1,8.4,0,0,1
"254",254,254,254,254,734469,10,"Le House Hostel"," Leme",1.79175946922805,0.4,3,5.34233425196481,3.04452243772342,0,0,1,7,0,0,1
"255",255,255,255,255,1057544,10,"Te Adoro Hotel (Adult Only)"," Zona Norte",1.94591014905531,1.55,3,4.45434729625351,3.43398720448515,1,1,0,7.8,0,0,0
"256",256,256,256,256,5918862,10,"Kitnet Aconchegante Em Benfica"," Zona Norte",1.79175946922805,0.875,3,2.39789527279837,2.30258509299405,0,0,0,8.8,0,0,0
"257",257,257,257,257,4110960,10,"Paradiso All suítes"," Barra da Tijuca",2.89037175789616,0.6,3,3.71357206670431,3.3322045101752,0,0,1,7,0,1,0
"258",258,258,258,258,1055711,10,"Ipanema Vinicius de Moraes"," Ipanema",2.19722457733622,0.35,3,4.35670882668959,3.66356164612965,0,0,0,8.1,0,0,1
"259",259,259,259,259,2199300,10,"Apartamento Olof"," Barra da Tijuca",3.2188758248682,0.125,4,0,4.83628190695148,0,0,0,8.15,0,1,0
"260",260,260,260,260,4422880,10,"Apt. Av. Atlantica, 1480"," Copacabana",1.94591014905531,0.8,3,2.484906649788,4.14313472639153,0,0,1,9.1,0,0,1
"261",261,261,261,261,1851957,10,"Copacabana Praia Rio"," Copacabana",1.94591014905531,0,3,3.2188758248682,4.00733318523247,0,0,0,8.8,0,0,1
"262",262,262,262,262,1267496,10,"Apartamento Figueiredo Magalhães"," Copacabana",1.94591014905531,0,3,3.25809653802148,3.80666248977032,0,0,0,8.8,0,0,1
"263",263,263,263,263,1911983,10,"Jumbo Hotel (Adults Only)"," Zona Norte",2.83321334405622,1.15,3,3.52636052461616,3.13549421592915,1,1,0,6.8,0,0,0
"264",264,264,264,264,503505,10,"Pousada Barra da Tijuca"," Barra da Tijuca",2.83321334405622,2.2,3,4.99721227376411,3.3322045101752,1,1,1,8.1,0,1,0
"265",265,265,265,265,1379923,10,"Le Chateau Lapa Boutique Hotel"," Centro do Rio de Janeiro",0.336472236621213,2,3,0,4.49980967033027,1,1,0,7.8,1,0,0
"266",266,266,266,266,5408516,10,"Apart Hotel Rio Stay"," Jacarepaguá",3.2188758248682,0.55,3,3.09104245335832,3.66356164612965,0,0,1,7.1,0,1,0
"267",267,267,267,267,6774261,10,"Big Waves Hospedagem"," Rio de JaneiroMostrar no mapa",4.20469261939097,0,3,0,2.99573227355399,0,0,1,8,1,0,0
"268",268,268,268,268,2031739,10,"Hotel Ordenes (Adult Only)"," Centro do Rio de Janeiro",0.0953101798043249,2.3,3,5.31320597904179,2.39789527279837,0,0,1,6.675,1,0,0
"269",269,269,269,269,6820618,11,"Incrível Apart Copacabana"," Copacabana",1.94591014905531,1,3,0,4.40671924726425,0,0,0,8.6,0,0,1
"270",270,270,270,270,1905137,11,"Magnus Norte Hotel (Adult Only)"," Zona Norte",2.07944154167984,1,3,4.18965474202643,3.52636052461616,1,1,0,7.2,0,0,0
"271",271,271,271,271,777102,11,"Pousada da Gigoia - Barra da Tijuca"," Barra da Tijuca",2.83321334405622,0,3,4.43081679884331,3.43398720448515,1,1,1,9.1,0,1,0
"272",272,272,272,272,2155546,11,"Ibis Budget Rio de Janeiro Centro"," Centro do Rio de Janeiro",-0.22314355131421,2.6,2,5.68017260901707,3.40119738166216,0,0,0,8.2,1,0,0
"273",273,273,273,273,1689028,11,"Cliffside"," Joatinga",2.83321334405622,0.45,4,4.47733681447821,5.36129216570943,1,1,1,9.7,0,1,0
"274",274,274,274,274,1275592,11,"Rio Boutique Suites"," Cosme Velho",1.52605630349505,1.8,3,3.80666248977032,3.78418963391826,0,0,1,9.2,0,0,1
"275",275,275,275,275,6680572,11,"Surf Club Longboard Paradise Hostel"," Recreio dos Bandeirantes",3.49650756146648,0.75,3,1.6094379124341,3.68887945411394,0,0,1,9.3,0,1,0
"276",276,276,276,276,358167,11,"Pompeu Rio Hotel"," Centro do Rio de Janeiro",-0.105360515657826,2.1,3,5.96870755998537,2.94443897916644,1,1,0,6.7,1,0,0
"277",277,277,277,277,1079364,11,"Rio Surf House Hostel e Pousada"," Recreio dos Bandeirantes",3.49650756146648,0.95,3,4.38202663467388,3.04452243772342,0,0,1,7.5,0,1,0
"278",278,278,278,278,189038,11,"Hotel Ducasse"," Copacabana",2.19722457733622,0.8,3,6.51471269087253,3.29583686600433,1,1,1,6.675,0,0,1
"279",279,279,279,279,4636724,11,"RESIDENTE SERVICE DE FRENTE PARA O MAR - AV. VIEIRA SOUTO 510"," Ipanema",2.19722457733622,0,4,3.13549421592915,5.30330490805908,0,0,1,7.8,0,0,1
"280",280,280,280,280,6884244,11,"Lindo Apartamento em Copacabana"," Copacabana",1.94591014905531,1.3,3,0,4.14313472639153,0,0,0,8.65,0,0,1
"281",281,281,281,281,488013,11,"Studio Copacabana"," Copacabana",2.19722457733622,0.65,3,2.89037175789616,4.14313472639153,0,0,0,8.6,0,0,1
"282",282,282,282,282,5578154,11,"Casa Longboard Hostel"," Recreio dos Bandeirantes",3.49650756146648,0,3,3.93182563272433,3.29583686600433,0,0,1,9.2,0,1,0
"283",283,283,283,283,2863463,11,"GuestHouse Casa da Montanha"," Rio de JaneiroMostrar no mapa",2.77258872223978,1.75,3,4.21950770517611,3.25809653802148,0,0,1,9,1,0,0
"284",284,284,284,284,696303,11,"Pouso Verde Bed and Breakfast"," Jardim Botânico",2.07944154167984,2.6,3,4.14313472639153,3.55534806148941,1,1,1,9.6,0,0,1
"285",285,285,285,285,6830957,11,"BEACH HOUSE"," Barra da Tijuca",2.99573227355399,0.725,3,0,4.91998092582813,0,0,0,8.15,0,1,0
"286",286,286,286,286,482500,11,"Rio Panoramic"," Santa Teresa",0.916290731874155,1.8,4,4.77068462446567,4.38202663467388,1,1,1,9.2,1,0,0
"287",287,287,287,287,5645974,11,"Hotel Verlaine adult only"," Gamboa",0.182321556793955,2.25,3,2.94443897916644,2.89037175789616,1,1,1,6.675,1,0,0
"288",288,288,288,288,5770908,11,"Rio Stay"," Jacarepaguá",3.2188758248682,0.375,4,2.99573227355399,3.09104245335832,0,0,1,6.7,0,1,0
"289",289,289,289,289,538483,11,"Pousada Guanabara Garden"," Ilha do Governador",2.30258509299405,1.9,3,5.94803498918065,3.66356164612965,1,1,1,8.3,0,0,0
"290",290,290,290,290,6866285,11,"TEMPORADA PRAIA COPACABANA"," Copacabana",1.94591014905531,1,3,0,4.14313472639153,0,0,0,8.6,0,0,1
"291",291,291,291,291,5841022,11,"New Star"," Rio de JaneiroMostrar no mapa",3.29583686600433,2.25,3,1.6094379124341,3.17805383034795,0,0,0,6.675,1,0,0
"292",292,292,292,292,622862,11,"Apartamento Ipanema Posto 9"," Ipanema",2.19722457733622,0,3,2.94443897916644,4.80402104473326,0,0,1,8.1,0,0,1
"293",293,293,293,293,3556450,11,"Apartamento no Leme 2 qts"," Leme",1.79175946922805,0,3,2.39789527279837,4.12713438504509,0,0,0,8.7,0,0,1
"294",294,294,294,294,1103150,12,"Massape Rio Hostel"," Centro do Rio de Janeiro",0.0953101798043249,2.4,3,6.37161184723186,2.70805020110221,0,0,1,7.4,1,0,0
"295",295,295,295,295,363846,12,"Motel Comodoro (Adult Only)"," Zona Norte",2.83321334405622,0.925,3,4.0943445622221,2.77258872223978,0,0,0,7.3,0,0,0
"296",296,296,296,296,14038,12,"Mama Ruisa Boutique Hotel"," Santa Teresa",0.8754687373539,1.5,4,5.05624580534831,5.08140436498446,0,0,1,9.5,1,0,0
"297",297,297,297,297,1057314,12,"Nosso Hotel (Adult Only)"," Leblon",2.39789527279837,0.15,3,4.29045944114839,3.55534806148941,1,1,1,7.2,0,0,1
"298",298,298,298,298,6827659,12,"Praia da Figueira"," Rio de JaneiroMostrar no mapa",4.63472898822964,2.8,3,0,4.7361984483945,0,0,0,8.15,1,0,0
"299",299,299,299,299,1550306,12,"Village Potira"," Rio de JaneiroMostrar no mapa",3.04452243772342,2.25,3,5.06890420222023,2.77258872223978,0,0,0,8.6,1,0,0
"300",300,300,300,300,1034222,12,"Hotel São Cristóvão"," Zona Norte",1.38629436111989,0.55,2,4.78749174278205,2.94443897916644,0,0,0,6.675,0,0,0
"301",301,301,301,301,2804743,12,"Copa Residencial Belo"," Copacabana",1.94591014905531,0,3,1.09861228866811,4.31748811353631,0,0,1,8.1,0,0,1
"302",302,302,302,302,3463504,12,"Nacif's Suites"," Rio de JaneiroMostrar no mapa",3.04452243772342,0,3,3.80666248977032,2.77258872223978,0,0,1,9.1,1,0,0
"303",303,303,303,303,5945452,12,"Planet Hostel"," Recreio dos Bandeirantes",3.49650756146648,0.95,3,3.17805383034795,3.17805383034795,1,1,1,9.5,0,1,0
"304",304,304,304,304,1535225,12,"Apartamento Coração de Copacabana"," Copacabana",1.94591014905531,0.45,3,3.36729582998647,4.45434729625351,0,0,0,8.4,0,0,1
"305",305,305,305,305,1300596,12,"Gávea BNB"," Gávea",2.19722457733622,1.6,3,4.45434729625351,3.87120101090789,1,1,1,9.3,0,0,1
"306",306,306,306,306,5126829,12,"Casa Charme da Colina"," Rio de JaneiroMostrar no mapa",2.89037175789616,1.6,3,1.38629436111989,4.75359019110636,0,0,1,9.7,1,0,0
"307",307,307,307,307,6856527,12,"Condomínio Casa com Piscina - Araruama"," Rio de JaneiroMostrar no mapa",4.47733681447821,1.15,3,0,4.04305126783455,0,0,0,8.4,1,0,0
"308",308,308,308,308,6810000,12,"Ipanema - Visconde de Pirajá"," Ipanema",2.19722457733622,0.3,3,0,4.54329478227,0,0,0,8.6,0,0,1
"309",309,309,309,309,330719,12,"OYO Hotel Barão De Tefé"," Centro do Rio de Janeiro",0,1.7,2,4.70048036579242,2.77258872223978,0,0,0,6.675,1,0,0
"310",310,310,310,310,1782699,12,"Hangar Rio Hostel"," Ilha do Governador",2.30258509299405,1.175,3,5.52942908751142,3.09104245335832,0,0,1,8,0,0,0
"311",311,311,311,311,6866582,12,"Meu lar"," Rio de JaneiroMostrar no mapa",3.5039708022539,1.15,3,0,4.27666611901606,0,0,0,8.4,1,0,0
"312",312,312,312,312,4380581,12,"Copacabana-Rodolfo Dantas"," Copacabana",1.94591014905531,0.001,3,0,4.54329478227,0,0,1,8.35,0,0,1
"313",313,313,313,313,6855645,12,"Casa veraneio em Unamar"," Rio de JaneiroMostrar no mapa",3.5039708022539,1.15,3,0,3.46573590279973,0,0,0,8.4,1,0,0
"314",314,314,314,314,1275103,12,"Hostel New Ipanema"," Ipanema",2.19722457733622,0.45,3,4.77912349311153,2.94443897916644,0,0,1,8.1,0,0,1
"315",315,315,315,315,6886798,12,"Vista Linda Lagoa"," Barra da Tijuca",2.83321334405622,2.2,3,0,3.3322045101752,0,0,0,7.85,0,1,0
"316",316,316,316,316,2970278,12,"Hostel Quebra Mar"," Barra da Tijuca",2.83321334405622,0,3,3.98898404656427,3.95124371858143,0,0,1,8.3,0,1,0
"317",317,317,317,317,4197487,12,"LineRio Copacabana Residence #245"," Copacabana",1.79175946922805,0.6,4,0,4.33073334028633,0,0,0,8.55,0,0,1
"318",318,318,318,318,5650015,12,"Laguna Hostel"," Joatinga",2.83321334405622,0.45,3,3.04452243772342,3.55534806148941,0,0,1,8.5,0,1,0
"319",319,319,319,319,6863802,13,"Cantinho do sossego"," Rio de JaneiroMostrar no mapa",3.5039708022539,2.7,3,0,2.56494935746154,0,0,0,8.15,1,0,0
"320",320,320,320,320,1055750,13,"Sweet Rio Residence Taquara"," Rio de JaneiroMostrar no mapa",3.09104245335832,1.8,3,3.71357206670431,3.2188758248682,0,0,1,9.7,1,0,0
"321",321,321,321,321,5009206,13,"Hospedagem em JACAREPAGUÁ - HOSTEL MATTOS"," Rio de JaneiroMostrar no mapa",2.99573227355399,1.9,3,2.56494935746154,3.43398720448515,1,1,1,9.6,1,0,0
"322",322,322,322,322,4615880,13,"Quarto perto do Maracanã"," Zona Norte",1.79175946922805,0.65,3,2.484906649788,2.30258509299405,0,0,1,9.3,0,0,0
"323",323,323,323,323,6897684,13,"Pousada Barra Sol"," Barra da Tijuca",2.89037175789616,2.8,3,0,3.3322045101752,1,1,1,8.2,0,1,0
"324",324,324,324,324,6832424,13,"Quarto , Recreio dos Bandeirantes Em Apartamento compartilhado"," Recreio dos Bandeirantes",3.36729582998647,2.8,3,0,3.3322045101752,0,0,1,8.2,0,1,0
"325",325,325,325,325,6664714,13,"LemeHarmony by Moriah Apartments"," Leme",1.79175946922805,0.25,4,0,4.67282883446191,0,0,0,8.45,0,0,1
"326",326,326,326,326,1926006,13,"Hostel 68"," Recreio dos Bandeirantes",3.52636052461616,1.2,3,3.89182029811063,2.63905732961526,1,1,1,7.7,0,1,0
"327",327,327,327,327,1034851,13,"Alfa Park Mar da Barra"," Barra da Tijuca",3.09104245335832,0,3,2.94443897916644,4.93439702826822,0,0,0,9.3,0,1,0
"328",328,328,328,328,6829254,13,"Aconchegante apto 809"," Copacabana",2.07944154167984,0.45,3,0,3.58351893845611,0,0,0,8.5,0,0,1
"329",329,329,329,329,6851319,13,"RANCHO COPACABANA - SUITE CANÁRIO"," Copacabana",1.94591014905531,0.65,3,0,2.70805020110221,0,0,1,8.4,0,0,1
"330",330,330,330,330,6812521,13,"Reserva Pontal"," Recreio dos Bandeirantes",3.49650756146648,0,4,0,4.45434729625351,0,0,0,8.05,0,1,0
"331",331,331,331,331,2047513,13,"Pousada Recanto Barra da Tijuca"," Barra da Tijuca",2.83321334405622,2.2,3,4.02535169073515,3.09104245335832,0,0,1,8.1,0,1,0
"332",332,332,332,332,4706878,13,"Hostel Varandas do Maracanã"," Zona Norte",1.6094379124341,1.1,3,4.12713438504509,3.71357206670431,1,1,1,8.2,0,0,0
"333",333,333,333,333,4130065,13,"DS Hostel"," Zona Norte",1.45861502269952,0.675,3,5.15905529921453,2.77258872223978,0,0,1,9.3,0,0,0
"334",334,334,334,334,1181781,13,"Beach House Ilha da Gigóia"," Barra da Tijuca",2.83321334405622,2.2,3,4.69134788222914,2.99573227355399,0,0,1,7.6,0,1,0
"335",335,335,335,335,6798796,13,"ap cido"," Leme",1.79175946922805,0.25,3,0,4.48863636973214,0,0,0,8.25,0,0,1
"336",336,336,336,336,3537505,13,"LineRio Copacabana Residence #189"," Copacabana",1.94591014905531,0.95,3,1.09861228866811,4.00733318523247,0,0,0,6.675,0,0,1
"337",337,337,337,337,3046280,13,"Pousada Barra Green Village"," Rio de JaneiroMostrar no mapa",3.68887945411394,1.85,3,3.52636052461616,3.49650756146648,0,0,1,8.1,1,0,0
"338",338,338,338,338,5495366,13,"Casa de Noca Paquetá"," Rio de JaneiroMostrar no mapa",2.83321334405622,1.9,3,2.70805020110221,3.78418963391826,1,1,1,8.2,1,0,0
"339",339,339,339,339,1866470,13,"Hostel Da Bruna - Botafogo"," Botafogo",1.79175946922805,1.4,3,5.84643877505772,2.89037175789616,0,0,1,7.7,0,0,1
"340",340,340,340,340,4951169,13,"Flat da Danda"," Copacabana",1.94591014905531,0,3,1.6094379124341,3.66356164612965,0,0,1,8.6,0,0,1
"341",341,341,341,341,3647520,13,"Flat Botafogo"," Botafogo",1.6094379124341,0.45,3,2.89037175789616,3.2188758248682,0,0,0,9.6,0,0,1
"342",342,342,342,342,330691,13,"Estalagem Motel (Adult Only)"," Vidigal",2.39789527279837,0.35,3,2.99573227355399,3.04452243772342,0,0,1,6.675,0,0,1
"343",343,343,343,343,556423,13,"Casa Cool Beans B&B"," Santa Teresa",0.955511445027436,2,4,4.35670882668959,3.85014760171006,1,1,0,9.5,1,0,0
"344",344,344,344,344,392186,14,"Hotel Malaga (Adult Only)"," Zona Norte",1.3609765531356,1.55,3,4.29045944114839,3.17805383034795,1,1,1,7.4,0,0,0
"345",345,345,345,345,1949030,14,"Mauá Rio Hostel"," Centro do Rio de Janeiro",0.0953101798043249,2.05,3,5.37989735354046,3.17805383034795,0,0,1,7.4,1,0,0
"346",346,346,346,346,2294306,14,"Hostel Cidade Nova"," Rio de JaneiroMostrar no mapa",0.955511445027436,1.95,3,4.29045944114839,2.63905732961526,1,1,1,8,1,0,0
"347",347,347,347,347,2094020,14,"Reisnger Hostel"," Urca",1.6094379124341,0.45,3,3.2188758248682,3.2188758248682,0,0,1,7.1,0,0,1
"348",348,348,348,348,6824742,14,"Lapa - conjugado lindo e aconchegante"," Centro do Rio de Janeiro",0.336472236621213,2.2,3,0,3.29583686600433,0,0,0,7.9,1,0,0
"349",349,349,349,349,6202403,14,"Family Hostel"," Recreio dos Bandeirantes",3.49650756146648,0.6,3,0,3.2188758248682,0,0,1,7.95,0,1,0
"350",350,350,350,350,6235605,14,"Casa Incrível em Santa Teresa, RJ"," Santa Teresa",0.693147180559945,2.5,3,0,4.21950770517611,0,0,1,8.4,1,0,0
"351",351,351,351,351,720492,14,"Maraca Hostel"," Zona Norte",1.79175946922805,0.95,3,5.25227342804663,2.99573227355399,0,0,1,7.7,0,0,0
"352",352,352,352,352,5414286,14,"Hostel Queiroz"," Rio de JaneiroMostrar no mapa",2.70805020110221,1.95,3,2.77258872223978,3.09104245335832,0,0,1,7.3,1,0,0
"353",353,353,353,353,6837969,14,"Aconchego Carioca - Figueiredo de Magalhães 304"," Copacabana",1.94591014905531,0.7,3,0,3.73766961828337,0,0,1,8.4,0,0,1
"354",354,354,354,354,4302288,14,"Bem no Centro 1 Smart TV"," Centro do Rio de Janeiro",0.336472236621213,2.8,3,2.77258872223978,3.17805383034795,0,0,0,9.2,1,0,0
"355",355,355,355,355,6882244,14,"Bela Vista do Morro"," Rio de JaneiroMostrar no mapa",3.68887945411394,0.7,3,0,2.63905732961526,0,0,0,7.9,1,0,0
"356",356,356,356,356,351788,14,"Hotel Paraguai (Adult Only)"," Centro do Rio de Janeiro",0.470003629245736,2.8,3,4.20469261939097,3.43398720448515,1,1,1,7.8,1,0,0
"357",357,357,357,357,5395040,14,"Casa de Campo da Jeanne - Alugue um ou dois quartos"," Rio de JaneiroMostrar no mapa",3.63758615972639,1.6,3,1.09861228866811,4.21950770517611,0,0,1,8.7,1,0,0
"358",358,358,358,358,5882700,14,"OYO Hotel Bariloche"," Zona Norte",1.38629436111989,0.45,2,2.56494935746154,3.04452243772342,0,0,0,6.675,0,0,0
"359",359,359,359,359,2479081,14,"Hostel Bless"," Recreio dos Bandeirantes",3.55534806148941,0,3,3.17805383034795,3.13549421592915,0,0,1,7.9,0,1,0
"360",360,360,360,360,2707617,14,"Pousada terraco Rio Centro"," Rio de JaneiroMostrar no mapa",3.25809653802148,2,3,2.99573227355399,3.09104245335832,1,1,1,8.7,1,0,0
"361",361,361,361,361,2240271,14,"Motel Skorpios ( Adults only)"," Rio de JaneiroMostrar no mapa",2.89037175789616,1.9,3,0,3.87120101090789,0,0,1,7.9,1,0,0
"362",362,362,362,362,330699,14,"Lips Motel (Adult Only)"," Centro do Rio de Janeiro",0.0953101798043249,2,3,2.484906649788,3.43398720448515,1,1,0,6.8,1,0,0
"363",363,363,363,363,2694510,14,"Quarto Suite na Gavea"," Gávea",2.19722457733622,1.7,3,2.39789527279837,3.58351893845611,0,0,1,9.5,0,0,1
"364",364,364,364,364,1706418,14,"Hostel The Gypsies"," Ilha do Governador",2.30258509299405,0,3,3.95124371858143,3.25809653802148,0,0,1,7.9,0,0,0
"365",365,365,365,365,6905821,14,"Apart. on Charitas Beach, RJ"," Rio de JaneiroMostrar no mapa",2.19722457733622,0.775,3,0,3.66356164612965,0,0,0,7.9,1,0,0
"366",366,366,366,366,6899511,14,"Flat Barra First"," Barra da Tijuca",3.17805383034795,1.075,3,0,3.73766961828337,0,0,1,8,0,1,0
"367",367,367,367,367,6904290,14,"Cozy apartment bedroom and living in Ipanema"," Rio de JaneiroMostrar no mapa",2.19722457733622,0.65,3,0,4.33073334028633,0,0,0,8.15,1,0,0
"368",368,368,368,368,6895088,14,"Apartamento Barra Olímpica"," Barra da Tijuca",3.13549421592915,0.675,3,0,4.17438726989564,0,0,0,8,0,1,0
"369",369,370,370,370,6880305,15,"Suíte Copa Luxo"," Copacabana",2.07944154167984,0.7,3,0,3.63758615972639,0,0,0,8.05,0,0,1
"370",370,371,371,371,1265806,15,"Super Quarto Copacabana/Ipanema"," Copacabana",2.19722457733622,0,3,0,4.04305126783455,0,0,0,8.1,0,0,1
"371",371,372,372,372,6856647,15,"Shark casa pero"," Rio de JaneiroMostrar no mapa",3.5039708022539,0,3,0,4.04305126783455,0,0,0,7.9,1,0,0
"372",372,373,373,373,6847819,15,"Green garden pousada"," Rio de JaneiroMostrar no mapa",4.18965474202643,1.075,3,0,3.68887945411394,0,0,0,7.9,1,0,0
"373",373,374,374,374,6830781,15,"Lar Olivia"," Rio de JaneiroMostrar no mapa",3.13549421592915,0.775,3,0,4.93439702826822,0,0,0,7.9,1,0,0
"374",374,375,375,375,6807942,15,"Flat em Copacabana"," Copacabana",1.79175946922805,0.7,3,0,5.08759633523238,0,0,0,8.05,0,0,1
"375",375,376,376,376,6854889,15,"Céu Verde Paraty"," Rio de JaneiroMostrar no mapa",3.5039708022539,0.85,3,0,3.98898404656427,0,0,0,7.9,1,0,0
"376",376,377,377,377,4443231,15,"Copacabana , lindo, todo Reformado!"," Copacabana",2.07944154167984,0.45,3,0,3.93182563272433,0,0,1,8.1,0,0,1
"377",377,378,378,378,892641,15,"Leme Frontal Mar"," Leme",1.94591014905531,0,4,0,5.23644196282995,0,0,0,8.1,0,0,1
"378",378,379,379,379,6618158,15,"Solar das Noivas - Fotos, Casamento e Núpcias!"," Cosme Velho",1.6094379124341,2.7,4,0,4.93439702826822,0,0,0,8.1,0,0,1
"379",379,380,380,380,4632684,15,"(Brand-New) Welcome Rio - Ipanema Beach - Posto 9"," Ipanema",2.19722457733622,0.7,3,1.79175946922805,5.22035582507832,0,0,1,9.5,0,0,1
"380",380,381,381,381,2940969,15,"Apartamento à 100m Praia Botafogo"," Flamengo",1.45861502269952,0.75,3,0,4.11087386417331,0,0,0,8.1,0,0,1
"381",381,382,382,382,6403796,15,"Parque Carioca"," Jacarepaguá",3.17805383034795,0.7,3,0,3.63758615972639,0,0,1,8,0,1,0
"382",382,383,383,383,2389255,15,"Casa Guanabara (Hostel)"," Ilha do Governador",2.30258509299405,0.725,3,0,3.17805383034795,0,0,1,8.05,0,0,0
"383",383,384,384,384,1987563,15,"Majestic"," Jacarepaguá",3.09104245335832,0.775,3,1.38629436111989,4.14313472639153,0,0,1,8.5,0,1,0
"384",384,385,385,385,1836356,15,"Quarto no Jardim Botânico"," Jardim Botânico",2.07944154167984,2.8,3,0,3.66356164612965,0,0,1,8.05,0,0,1
"385",385,386,386,386,6129314,15,"QUARTOS EM CASA FAMILIAR"," Zona Norte",1.94591014905531,0.7,3,0,3.91202300542815,0,0,1,8.25,0,0,0
"386",386,387,387,387,1393723,15,"2 Bedroom Apartment Copacabana best location"," Copacabana",2.07944154167984,0.4,3,3.36729582998647,4.93439702826822,0,0,0,8.1,0,0,1
"387",387,388,388,388,4686345,15,"POUSADA CANTINHO DA BARRA DA TIJUCA"," Barra da Tijuca",2.83321334405622,2.4,3,0,4.38202663467388,0,0,1,8,0,1,0
"388",388,389,389,389,2485394,15,"Albergue cultural"," Jacarepaguá",3.2188758248682,0.65,3,2.77258872223978,3.93182563272433,0,0,1,7.6,0,1,0
"389",389,390,390,390,6906520,15,"Angra Inn, lazer e conforto"," Rio de JaneiroMostrar no mapa",3.5039708022539,1.075,3,0,3.89182029811063,0,0,1,8.85,1,0,0
"390",390,391,391,391,1894000,15,"Aquarela do Leme"," Leme",1.79175946922805,0,3,6.26909628370626,3.13549421592915,1,1,0,9.4,0,0,1
"391",391,392,392,392,349664,15,"Che Lagarto Hostel Copacabana"," Copacabana",1.94591014905531,0.9,3,7.71199650704767,2.83321334405622,0,0,0,7.7,0,0,1
"392",392,393,393,393,1906451,15,"Maracanã Hostel Vila Isabel"," Zona Norte",1.6094379124341,0.875,3,5.30826769740121,2.19722457733622,0,0,0,7.5,0,0,0
"393",393,394,394,394,1683041,16,"Casa del Mar Hostel"," Copacabana",1.94591014905531,0.8,3,6.60665018619822,2.63905732961526,0,0,0,8.1,0,0,1
"394",394,395,395,395,5116821,16,"Brazilodge All Suites Leblon"," Leblon",2.30258509299405,0.5,3,6.10255859461357,2.83321334405622,0,0,0,8.7,0,0,1
"395",395,396,396,396,463871,16,"Discovery Hostel"," Glória",0.741937344729377,1.1,3,6.04500531403601,2.63905732961526,1,1,0,8.8,1,0,0
"396",396,397,397,397,313764,16,"Bamboo Rio Hostel"," Copacabana",1.94591014905531,0.9,3,6.43133108193348,2.70805020110221,0,0,0,8,0,0,1
"397",397,398,398,398,2018267,16,"Pontal do Duque"," Recreio dos Bandeirantes",3.49650756146648,0.4,3,5.58724865840025,2.99573227355399,0,0,0,8.1,0,1,0
"398",398,399,399,399,5787231,16,"Por el Mundo Hostel"," Centro do Rio de Janeiro",0.53062825106217,1.5,3,4.33073334028633,2.63905732961526,0,0,0,9.3,1,0,0
"399",399,400,400,400,6886848,16,"IPA GALLERY HOSTEL"," Copacabana",2.19722457733622,0.65,3,0,2.77258872223978,0,0,0,8.05,0,0,1
"400",400,401,401,401,1765766,16,"Hostel by Hotel Galicia"," Centro do Rio de Janeiro",0.336472236621213,2.6,3,6.04263283368238,2.19722457733622,0,0,0,6.8,1,0,0
"401",401,402,402,402,1005677,16,"Hostel República Rio de Janeiro"," Catete",1.02961941718116,0.75,3,5.74939298590825,2.56494935746154,1,1,0,7.8,0,0,1
"402",402,403,403,403,331254,16,"Vidigal Hostel BAR"," Zona Sul",2.484906649788,0,3,3.91202300542815,2.30258509299405,0,0,0,7.5,0,0,1
"403",403,404,404,404,2063774,16,"Casa do Bill Recreio"," Recreio dos Bandeirantes",3.49650756146648,0.9,4,4.49980967033027,2.77258872223978,1,1,0,8.7,0,1,0
"404",404,405,405,405,887813,16,"Tupiniquim Hostel Rio de Janeiro"," Botafogo",1.79175946922805,1.2,3,5.36129216570943,2.484906649788,0,0,0,7.9,0,0,1
"405",405,406,406,406,6018293,16,"Rio Nomad Guest House"," Botafogo",1.6094379124341,0.85,3,2.39789527279837,2.63905732961526,0,0,0,7.7,0,0,1
"406",406,407,407,407,6810076,16,"Hostel Flazao"," Santa Teresa",0.741937344729377,1.3,3,0,3.3322045101752,0,0,0,7.9,1,0,0
"407",407,408,408,408,472376,16,"Mar da Babilônia Hostel"," Leme",1.79175946922805,0.65,3,2.70805020110221,2.63905732961526,0,0,0,7.1,0,0,1
"408",408,409,409,409,2176523,16,"Apartamento Santa Teresa"," Santa Teresa",0.8754687373539,1.4,3,1.38629436111989,3.55534806148941,0,0,0,7.4,1,0,0
"409",409,410,410,410,2138312,16,"Quarto compartilhado em Santa Teresa"," Santa Teresa",0.8754687373539,1.4,3,2.19722457733622,3.09104245335832,0,0,0,7.7,1,0,0
"410",410,411,411,411,286707,0,"Hotel Atlântico Business Centro"," Centro do Rio de Janeiro",0.0953101798043249,2,4,9.35227386786485,2.89037175789616,1,1,0,8.1,1,0,0
"411",411,412,412,412,369429,3,"Atlantico Sul Hotel"," Recreio dos Bandeirantes",3.49650756146648,0,4,7.39817409297047,4.18965474202643,1,1,0,8.7,0,1,0
"412",412,413,413,413,173163,3,"Augusto's Copacabana Hotel"," Copacabana",2.07944154167984,0.55,4,6.53813982376767,3.8286413964891,0,0,0,8.1,0,0,1
"413",413,414,414,414,18533,5,"Hotel Canada"," Copacabana",1.94591014905531,0.45,3,6.43294009273918,3.63758615972639,1,1,1,8.4,0,0,1
"414",414,415,415,415,410505,5,"Saionara Hotel"," Zona Norte",1.33500106673234,0.925,3,7.26403014289953,3.25809653802148,1,1,1,8.5,0,0,0
"415",415,416,416,416,246211,5,"Ipanema Inn Hotel"," Ipanema",2.19722457733622,0.75,3,6.62007320653036,4.31748811353631,1,1,1,8.9,0,0,1
"416",416,417,417,417,1043847,9,"Apartamento Ipanema"," Ipanema",2.19722457733622,1.3,3,2.63905732961526,4.38202663467388,0,0,0,9.2,0,0,1
